MAE,RMSE,R2,MAPE
0.00415088490971235,0.00537667227573956,0.997716824040523,0.0614139222194659
