Accuracy,Precision,Recall,F1,F2,AUC,TP,TN,FP,FN
0.906374501992032,0.208588957055215,0.739130434782609,0.325358851674641,0.489913544668588,0.910527099463967,34,1331,129,12
