MAE,RMSE,R2,MAPE
0.220637762172682,0.287805792556124,-1.70038307767969,0.442887311311181
