MAE,RMSE,R2,MAPE
0.207109503596913,0.268146454052615,-1.34406922521501,0.415710853449351
