Model,MAE,RMSE,R2,MAPE
MeanBaseline,0.135656197047199,0.17514679775805,-7.07367740782061e-05,0.272565702970167
PersistenceBaseline,0.16379369627236,0.251563905226967,-1.06311279580273,0.329043209335935
StaticRidgePoly,0.131919061771853,0.175304654705969,-0.00187424398298508,0.265130340924088
DynamicRidgePoly,0.131924960438491,0.175506899395655,-0.00418725303510525,0.265144820865759
