MAE,RMSE,R2,MAPE
0.0044198550719805,0.00576624815690063,0.997373974680997,0.0653607361264388
