Model,MAE,RMSE,R2,MAPE,AUC,Meaning
MeanBaseline_Cout,0.135656197047199,0.17514679775805,-7.07367740782061e-05,0.272565702970167,NaN,C_out均值基准
StaticRidgePoly_Cout,0.131919061771853,0.175304654705969,-0.00187424398298508,0.265130340924088,NaN,平均浓度线性解释模型
DynamicRidgePoly_Cout,0.131924960438491,0.175506899395655,-0.00418725303510525,0.265144820865759,NaN,加入滞后项的动态预测模型
CatBoost_K,0.00415088490971235,0.00537667227573956,0.997716824040523,0.0614139222194659,NaN,综合除尘强度非线性机理模型
CatBoost_CoutFromK,0.207109503596913,0.268146454052615,-1.34406922521501,0.415710853449351,NaN,K反推出口浓度辅助评估
