Accuracy,Precision,Recall,F1,F2,AUC,TP,TN,FP,FN
0.887782204515272,0.163934426229508,0.652173913043478,0.262008733624454,0.408719346049046,0.876161405598571,30,1307,153,16
