RappingParam,Group,Mean_RappingPeriod_s,SampleCount,PeakRate
T2_s,1,198.644946126219,1949,0
T2_s,2,219.459337349398,1992,0
T2_s,3,232.129954841947,1993,0
T2_s,4,242.92599901332,2027,0
T2_s,5,257.272243713733,2068,0
