RappingParam,Group,Mean_RappingPeriod_s,SampleCount,PeakRate
T1_s,1,198.814049586777,1936,0
T1_s,2,219.408674698795,2075,0
T1_s,3,232.103540772532,1864,0
T1_s,4,242.955705344246,2077,0
T1_s,5,256.984111699567,2077,0
