RappingParam,Group,Mean_RappingPeriod_s,SampleCount,PeakRate
T3_s,1,403.768470343392,1922,0
T3_s,2,430.437720625315,1983,0
T3_s,3,444.266961651917,2034,0
T3_s,4,454.407221664995,1994,0
T3_s,5,467.945610687023,2096,0
