RappingParam,Group,Mean_RappingPeriod_s,SampleCount,PeakRate
T4_s,1,403.817951318458,1972,0
T4_s,2,430.517493472585,1915,0
T4_s,3,444.272183449651,2006,0
T4_s,4,454.397549019608,2040,0
T4_s,5,468.087786259542,2096,0
